,frequency
"('Kazakhstan', 'Carotid atherosclerosis risk')",1
"('Kyrgyzstan', 'Longevity / Cervical Carcinoma / HPV infection risk')",1
"('Bulgaria', 'LHON / Diabetes / CPTdeficiency / high altitude adaptation')",1
"('Hungary', 'Resistance to high altitude pulmonary edema (HAPE)')",1
"('Croatia', 'MDD-associated')",1
"('Hungary', 'PD / early onset')",1
"('Croatia', 'LIMM')",1
"('Croatia', 'LHON possible helper variant')",1
"('Slovakia', 'CPEO / Stroke / CM / Breast & Renal & Prostate Cancer Risk / Altered brain pH /sCJD')",1
"('Hungary', 'LHON synergistic combo 14258A + 14582G')",1
"('Germany', 'LHON helper mut.')",1
"('Serbia', 'LHON / Diabetes / CPTdeficiency / high altitude adaptation')",1
"('Serbia', 'Absence of Endometriosis')",1
"('Kyrgyzstan', 'CPEO / Stroke / CM / Breast & Renal & Prostate Cancer Risk / Altered brain pH /sCJD')",1
"('Germany', 'High altitude pulmonary edema susceptibility')",1
"('Germany', 'MELAS / LHON / DEAF / hypertension helper')",1
"('Germany', 'DEAF helper mut.')",1
"('Germany', 'CPEO')",1
"('Germany', 'possible HCM susceptibility')",1
"('Hungary', 'LHON PD')",1
"('Germany', 'LHON-like / LHON / MELAS')",1
"('Germany', 'MIDD+retinopathy')",1
"('Germany', 'possible PD risk factor / LHON')",1
"('Germany', 'MIDD')",1
"('Hungary', 'Myopathy')",1
"('Serbia', 'Prostate Cancer / LHON')",1
"('Germany', 'POAG - potential for association')",1
"('Germany', 'Asthenozoospermia')",1
"('Hungary', 'Dilated Cardiomyopathy / Leigh Syndrome / Failure to Thrive & LA')",1
"('Croatia', 'AD / PD / LHON')",1
"('Kyrgyzstan', 'DEAF')",1
"('Portugal', 'PD protective factor')",1
"('Portugal', 'LIMM')",1
"('Portugal', 'Cyclic Vomiting Syndrome with Migraine')",1
"('Romania', 'LHON')",1
"('Portugal', 'Possibly LVNC cardiomyopathy-associated')",1
"('Portugal', 'Endometriosis')",1
"('Romania', 'PD protective factor / longevity / altered cell pH / metabolic syndrome / breast cancer risk / Leigh Syndrome risk / ADHD / cognitive decline / SCA2 age of onset / Fuchs endothelial corneal dystrophy')",1
"('Romania', 'Prostate Cancer / hypertension')",1
"('Romania', 'PD protective factor')",1
"('Kyrgyzstan', 'ADPD / Hearing Loss & Migraine / autism spectrum / intellectual disability')",1
"('Portugal', 'BD-associated')",1
"('Kyrgyzstan', 'POAG - potential for association')",1
"('Portugal', 'Carotid atherosclerosis risk')",1
"('Portugal', 'DEAF')",1
"('Bulgaria', 'Prostate Cancer / LHON')",1
"('Bulgaria', 'LIMM')",1
"('Bulgaria', 'BD-associated')",1
"('Italy', 'LHON PD')",1
"('Hungary', 'LHON / Diabetes / CPTdeficiency / high altitude adaptation')",1
"('Hungary', 'Progressive Encephalomyopathy')",1
"('Poland', 'EXIT')",1
"('Poland', 'Axial myopathy with encephalopathy')",1
"('Hungary', 'Possibly LVNC-associated')",1
"('Macedonia', 'AD / PD / LHON')",1
"('Poland', 'AD / PD / LHON')",1
"('Macedonia', 'BD-associated / melanoma pts')",1
"('Kyrgyzstan', 'Carotid atherosclerosis risk')",1
"('Croatia', 'ADPD / Hearing Loss & Migraine / autism spectrum / intellectual disability')",1
"('France', 'Reduced risk PD')",1
"('Georgia', 'MDD-associated')",1
"('France', 'AD / PD / LHON')",1
"('Estonia', 'Adult-Onset Dystonia')",1
"('Italy', 'Fatal neonatal lactic acidosis / Neonatal lactic acidosis / exercise intolerance / mild ID')",1
"('Italy', 'Possible DEAF modifier')",1
"('Italy', 'Suspected mito disease')",1
"('Italy', 'LHON synergistic combo 10680A + 12033G + 14258A also combo 14258A + 14582G')",1
"('Italy', '3243 suppressor mutant')",1
"('Italy', 'LDYT / Leigh Disease / dystonia / carotid atherosclerosis risk')",1
"('Italy', 'Gastrointestinal Syndrome')",1
"('Czech Republic', 'Reduced risk PD')",1
"('Lithuania', 'AD / PD / LHON')",1
"('Ukraine', 'Prostate Cancer / LHON')",1
"('Italy', 'Mitochondrial Encephalocardiomyopathy')",1
"('Italy', 'Ataxia+ / with RRF and COX deficiency')",1
"('Italy', 'Myopathy / MELAS / Leigh Syndrome')",1
"('Italy', 'PEO and Myoclonus')",1
"('Turkey', 'LIMM')",1
"('Italy', 'Myopathy / Exercise Intolerance / Eye disease+SNHL')",1
"('Italy', 'DEAF-associated')",1
"('Lithuania', 'LHON / Insulin Resistance /possible adaptive high altitude variant / miscarriage')",1
"('Italy', 'found in 1 HCM patient')",1
"('Great Britain', 'LHON possible helper variant')",1
"('Lithuania', 'Reduced risk of PD')",1
"('Great Britain', 'Glaucoma')",1
"('Great Britain', 'Depressive Disorder associated')",1
"('Lithuania', 'Cyclic Vomiting Syndrome with Migraine / high altitude disease risk factor')",1
"('Hungary', 'Leigh Syndrome')",1
"('Hungary', 'Susceptibility to bullous pemphigoid')",1
"('Czech Republic', 'LHON possible helper variant')",1
"('Portugal', 'Absence of Endometriosis')",1
"('Czech Republic', 'DEAF / possibly LVNC-associated')",1
"('Czech Republic', 'MELAS / LHON / DEAF / hypertension helper')",1
"('France', 'Increased risk of T2DM and high altitude polycythemia (HAPC) in haplogroup D4 / Longevity')",1
"('France', 'SNHL')",1
"('France', 'Mitochondrial myopathy')",1
"('France', 'DEAF')",1
"('France', 'Resistance to high altitude pulmonary edema (HAPE)')",1
"('Georgia', 'PD protective factor / longevity / altered cell pH / metabolic syndrome / breast cancer risk / Leigh Syndrome risk / ADHD / cognitive decline / SCA2 age of onset / Fuchs endothelial corneal dystrophy')",1
"('Kazakhstan', 'BD-associated')",1
"('France', 'Endometriosis')",1
"('France', 'Possibly LVNC cardiomyopathy-associated')",1
"('Kazakhstan', 'Potentially functional variant cosegregating with LHON3635A')",1
"('Czech Republic', 'MM / EXIT')",1
"('Czech Republic', 'Maternally inherited hypertension')",1
"('Georgia', 'LIMM')",1
"('Czech Republic', 'Progressive Encephalomyopathy')",1
"('Georgia', 'Cyclic Vomiting Syndrome with Migraine')",1
"('Czech Republic', 'BD-associated')",1
"('Hungary', 'Hypertension')",1
"('Czech Republic', 'CPEO')",1
"('Russia', 'MIDM')",1
"('Germany', 'DEAF / possibly LVNC-associated')",1
"('Czech Republic', 'Prostate tumor / Neuromuscular disorder')",1
"('Czech Republic', 'Mito myopathy w respiratory failure / intellectual disability')",1
"('Czech Republic', 'Possible contributor to mito dysfunction / hypertension')",1
"('Czech Republic', 'Possible LHON helper mutation')",1
"('Germany', 'DEAF-associated')",1
"('Czech Republic', 'POAG - potential for association')",1
"('Germany', 'PD / early onset')",1
"('Czech Republic', 'Dilated Cardiomyopathy / Leigh Syndrome / Failure to Thrive & LA')",1
"('Portugal', 'Resistance to high altitude pulmonary edema (HAPE)')",1
"('Portugal', 'Low VO2max response')",1
"('Portugal', 'LHON / Insulin Resistance /possible adaptive high altitude variant / miscarriage')",1
"('Great Britain', 'LHON / SNHL / DEAF')",1
"('Great Britain', 'Thyroid Cancer Cell Line')",1
"('Great Britain', 'MELAS-like syndrome')",1
"('Great Britain', 'MELAS / DEAF enhancer / hypertension / LVNC / putative LHON')",1
"('Great Britain', 'LHON / Diabetes / CPTdeficiency / high altitude adaptation')",1
"('Great Britain', 'BD-associated')",1
"('Germany', 'AD')",1
"('Germany', 'Reduced risk PD')",1
"('Great Britain', 'Progressive Encephalopathy')",1
"('Germany', 'LVNC (left ventricular noncompaction)')",1
"('Poland', 'Carotid atherosclerosis risk')",1
"('Great Britain', 'Prostate Cancer / hypertension')",1
"('Great Britain', 'Potentially functional variant cosegregating with LHON3635A')",1
"('Germany', 'EXIT')",1
"('Poland', 'DEAF')",1
"('Poland', 'MIDD / LVNC cardiomyopathy-assoc.')",1
"('Portugal', 'Diabetes / Cardiomyopathy /cancer risk / mtDNA copy nbr / Metabolic Syndrome / Melanoma patients')",1
"('Spain', 'Potentially functional variant cosegregating with LHON3635A')",1
"('Portugal', 'NSHL / MIDD')",1
"('Portugal', 'Multiple Sclerosis / idiopathic repeat miscarriage / AD protection')",1
"('Portugal', 'Longevity / Cervical Carcinoma / HPV infection risk')",1
"('Spain', 'POAG - potential for association')",1
"('Spain', 'DEAF / possibly LVNC-associated')",1
"('Spain', 'LHON / Diabetes / CPTdeficiency / high altitude adaptation')",1
"('Germany', 'Sporadic bilateral optic neuropathy')",1
"('Croatia', 'Endometriosis')",1
"('The Netherlands', 'Reduced risk of PD')",1
"('Czech Republic', 'Thyroid Cancer Cell Line')",1
"('The Netherlands', 'LHON / Insulin Resistance /possible adaptive high altitude variant / miscarriage')",1
"('Czech Republic', 'EXIT / Obesity')",1
"('Czech Republic', 'Carotid atherosclerosis risk')",1
"('Iran', 'Longevity / Cervical Carcinoma / HPV infection risk')",1
"('Iran', 'Melanoma patients')",1
"('Iran', 'Possible LHON factor')",1
"('Iran', 'LHON synergistic combo 14258A + 14582G')",1
"('Iran', 'Cyclic Vomiting Syndrome')",1
"('Sweden', 'Cyclic Vomiting Syndrome with Migraine / high altitude disease risk factor')",1
"('Turkey', 'POAG - potential for association')",1
"('Iran', 'Possible protective factor for normal tension glaucoma')",1
"('Turkey', 'Cyclic Vomiting Syndrome with Migraine')",1
"('Bulgaria', 'AD / PD / LHON')",1
"('Turkey', 'MDD-associated')",1
"('Poland', 'Patient with suspected mitochondrial disease')",1
"('Poland', 'EXIT / Obesity')",1
"('Turkey', 'LHON')",1
"('The Netherlands', 'found in 1 HCM patient')",1
"('The Netherlands', 'LHON / Insulin Resistance / AMD / NRTI-PN')",1
"('The Netherlands', 'Absence of Endometriosis')",1
"('Hungary', 'LHON / Multiple Sclerosis / DEAF1555 increased penetrance / CHD')",1
"('Hungary', 'Reversible brain pseudoatrophy')",1
"('Poland', 'LHON-like / LHON / MELAS')",1
"('Poland', 'Dilated Cardiomyopathy / Leigh Syndrome / Failure to Thrive & LA')",1
"('Poland', 'LHON + limb claudication')",1
"('Poland', 'LHON PD')",1
"('France', 'LHON')",1
"('France', 'POAG - potential for association')",1
"('Czech Republic', 'Gestational Diabetes (GDM)')",1
"('Czech Republic', 'Prostate Cancer / LHON')",1
"('Czech Republic', 'Prostate Cancer / hypertension')",1
"('Great Britain', 'Possible contributor to mito dysfunction / hypertension')",1
"('Spain', 'Reduced risk PD')",1
"('Croatia', 'DEAF / possibly LVNC-associated')",1
"('Bulgaria', 'LHON / Multiple Sclerosis / DEAF1555 increased penetrance / CHD')",1
"('Kazakhstan', 'Reversible brain pseudoatrophy')",1
"('Bulgaria', 'BD-associated / melanoma pts')",1
"('Spain', 'Patients with (1) LVNC cardiomyopathy / (2) autism / intellectual disability / epilepsy')",1
"('Spain', 'Prostate Cancer / LHON')",1
"('Armenia', 'Possibly DEAF-associated')",1
"('Mongolia', 'Reduced risk of PD')",1
"('Mongolia', 'LHON / Insulin Resistance / AMD / NRTI-PN')",1
"('Mongolia', 'LHON / Insulin Resistance /possible adaptive high altitude variant / miscarriage')",1
"('Spain', 'DMDF / MERRF / HCM / epilepsy')",1
"('Spain', 'LHON PD')",1
"('Mongolia', 'Multiple Sclerosis / idiopathic repeat miscarriage / AD protection')",1
"('Bulgaria', 'Possible DEAF risk factor')",1
"('Romania', 'Thyroid Cancer Cell Line')",1
"('Italy', 'LHON-like / LHON / MELAS')",1
"('Spain', 'LHON / Multiple Sclerosis / DEAF1555 increased penetrance / CHD')",1
"('Spain', 'Reversible brain pseudoatrophy')",1
"('Italy', 'SIDS')",1
"('Switzerland', 'Cyclic Vomiting Syndrome')",1
"('Kazakhstan', 'Reduced risk PD')",1
"('Kazakhstan', 'Poss. hypertension factor')",1
"('Kazakhstan', 'Mito myopathy w respiratory failure / intellectual disability')",1
"('Bulgaria', 'Prostate Cancer')",1
"('Kazakhstan', 'DEAF')",1
"('Italy', 'LHON synergistic combo 14258A + 14582G')",1
"('Kyrgyzstan', 'Possible contributor to mito dysfunction / hypertension')",1
"('Spain', 'Diabetes helper mutation AD / PD')",1
"('Italy', 'Sporadic bilateral optic neuropathy')",1
"('The Netherlands', 'Longevity / Cervical Carcinoma / HPV infection risk')",1
"('Kazakhstan', 'Diabetes / Cardiomyopathy /cancer risk / mtDNA copy nbr / Metabolic Syndrome / Melanoma patients')",1
"('Kazakhstan', 'LHON possible helper variant')",1
"('The Netherlands', 'POAG - potential for association')",1
"('The Netherlands', 'Prostate Cancer')",1
"('Croatia', 'Possibly LVNC cardiomyopathy-associated')",1
"('The Netherlands', 'LHON / Multiple Sclerosis / DEAF1555 increased penetrance / CHD')",1
"('The Netherlands', 'Reversible brain pseudoatrophy')",1
"('The Netherlands', 'Diabetes / Cardiomyopathy /cancer risk / mtDNA copy nbr / Metabolic Syndrome / Melanoma patients')",1
"('Germany', 'ND4 mutation set found in a Multiple Sclerosis patient')",1
"('Bulgaria', 'Diabetes / LHON / PEO')",1
"('The Netherlands', 'Cyclic Vomiting Syndrome')",1
"('Germany', 'LHON / gout')",1
"('The Netherlands', 'Prostate Cancer / LHON')",1
"('Russia', 'Prostate Cancer')",1
"('The Netherlands', 'LIMM')",1
"('Kazakhstan', 'LHON-like / LHON / MELAS')",1
"('Germany', 'ADPD / Hearing Loss & Migraine / autism spectrum / intellectual disability')",1
"('The Netherlands', 'Patient with suspected mitochondrial disease')",1
"('France', 'Thyroid Cancer Cell Line')",1
"('Croatia', 'Reduced risk of PD')",1
"('France', 'BD-associated')",1
"('France', 'LIMM')",1
"('France', 'LHON / Diabetes / CPTdeficiency / high altitude adaptation')",1
"('France', 'LHON / Insulin Resistance /possible adaptive high altitude variant / miscarriage')",1
"('Kazakhstan', 'Dilated Cardiomyopathy / Leigh Syndrome / Failure to Thrive & LA')",1
"('Bulgaria', 'Diabetes / Cardiomyopathy /cancer risk / mtDNA copy nbr / Metabolic Syndrome / Melanoma patients')",1
"('Germany', 'Prostate Cancer')",1
"('Bulgaria', 'Thyroid Cancer Cell Line')",1
"('Italy', 'LHON / LHON modulator')",1
"('Kazakhstan', 'LHON / Multiple Sclerosis / DEAF1555 increased penetrance / CHD')",1
"('Great Britain', 'Reversible COX deficiency myopathy')",1
"('Italy', 'Myopathy+ataxia+nystagmus+migraines+lactic acidosis')",1
"('Bulgaria', 'Mito myopathy w respiratory failure / intellectual disability')",1
"('Moldova', 'AD / PD / LHON')",1
"('Sweden', 'PD / early onset')",1
"('Turkey', 'Patient with suspected mitochondrial disease')",1
"('Austria', 'ADPD / Hearing Loss & Migraine / autism spectrum / intellectual disability')",1
"('Austria', 'LHON / MS')",1
"('Sweden', 'LHON')",1
"('Austria', 'LHON')",1
"('Austria', 'Cyclic Vomiting Syndrome with Migraine / high altitude disease risk factor')",1
"('Austria', 'LIMM')",1
"('Greece', 'CPEO / Stroke / CM / Breast & Renal & Prostate Cancer Risk / Altered brain pH /sCJD')",1
"('Israel', 'MICM / possible G15927A deafness modulator')",1
"('Sweden', 'Leigh Disease')",1
"('Germany', 'LHON synergistic combo 14258A + 14582G')",1
"('Sweden', 'found in 1 HCM patient')",1
"('Sweden', 'SNHL')",1
"('Turkey', 'LHON / Multiple Sclerosis / DEAF1555 increased penetrance / CHD')",1
"('Israel', 'Thyroid Cancer Cell Line')",1
"('Greece', 'PD protective factor')",1
"('Romania', 'Tetralogy of Fallot patient')",1
"('Israel', 'DEAF')",1
"('Israel', 'Carotid atherosclerosis risk')",1
"('Ukraine', 'POAG - potential for association')",1
"('Turkey', 'Reversible brain pseudoatrophy')",1
"('Ukraine', 'Possible contributor to mito dysfunction / hypertension')",1
"('Ukraine', 'LHON-like / LHON / MELAS')",1
"('Switzerland', 'LHON / Diabetes / CPTdeficiency / high altitude adaptation')",1
"('Moldova', 'PD protective factor')",1
"('Switzerland', 'DEAF / autism spectrum intellectual disability / possibly antiatherosclerotic')",1
"('Kazakhstan', 'found in 1 HCM patient')",1
"('Germany', 'Prostate tumor / Neuromuscular disorder')",1
"('Italy', 'Reduced risk PD')",1
"('Russia', 'Found in a Multiple Sclerosis patient')",1
"('Latvia', 'Thyroid Cancer Cell Line')",1
"('Latvia', 'AD / PD / LHON')",1
"('Latvia', 'MDD-associated')",1
"('Latvia', 'Carotid atherosclerosis risk')",1
"('Latvia', 'DEAF')",1
"('Latvia', 'Endometriosis')",1
"('Latvia', 'Diabetes / LHON / PEO')",1
"('Israel', 'Mito myopathy w respiratory failure / intellectual disability')",1
"('Russia', 'BD-associated')",1
"('Latvia', 'Possibly LVNC cardiomyopathy-associated')",1
"('Latvia', 'LHON / Diabetes / CPTdeficiency / high altitude adaptation')",1
"('Austria', 'DEAF enhancer / Hypertension risk')",1
"('Moldova', 'Cyclic Vomiting Syndrome with Migraine')",1
"('Austria', 'PD protective factor / longevity / altered cell pH / metabolic syndrome / breast cancer risk / Leigh Syndrome risk / ADHD / cognitive decline / SCA2 age of onset / Fuchs endothelial corneal dystrophy')",1
"('Austria', 'Possibly LVNC-associated')",1
"('Austria', 'BD-associated / melanoma pts')",1
"('Austria', 'Diabetes / Cardiomyopathy /cancer risk / mtDNA copy nbr / Metabolic Syndrome / Melanoma patients')",1
"('Austria', 'MELAS / DEAF enhancer / hypertension / LVNC / putative LHON')",1
"('Sweden', 'AD / PD / LHON')",1
"('Italy', 'Carotid atherosclerosis risk')",1
"('Ukraine', 'SIDS')",1
"('Israel', 'Possible HCM susceptibility / high altitude adaptation')",1
"('Belgium', 'CPEO / Stroke / CM / Breast & Renal & Prostate Cancer Risk / Altered brain pH /sCJD')",1
"('Belgium', 'Possible LHON factor')",1
"('Belgium', 'Possible protective factor for normal tension glaucoma')",1
"('Ukraine', 'AD / PD / LHON')",1
"('Russia', 'Diabetes / HCM')",1
"('Spain', 'CPEO / DEAF enhancer / gout')",1
"('Spain', 'Possible helper variant for 15927A')",1
"('Spain', 'possible HCM susceptibility')",1
"('Bulgaria', 'Cyclic Vomiting Syndrome with Migraine')",1
"('Bulgaria', 'DEAF / autism spectrum intellectual disability / possibly antiatherosclerotic')",1
"('Poland', 'CPEO')",1
"('Switzerland', 'Nonsyndromic hearing loss')",1
"('Switzerland', 'Potentially functional variant cosegregating with LHON3635A')",1
"('Croatia', 'Prostate Cancer / hypertension')",1
"('Croatia', 'LHON')",1
"('Germany', 'Metabolic syndrome and polycystic ovary syndrome')",1
"('Germany', 'Myopathy+ataxia+nystagmus+migraines+lactic acidosis')",1
"('Ukraine', 'MDD-associated')",1
"('Ukraine', 'LIMM')",1
"('Ukraine', 'Susceptibility to bullous pemphigoid')",1
"('Moldova', 'ADPD / Hearing Loss & Migraine / autism spectrum / intellectual disability')",1
"('Germany', 'MELAS-like syndrome')",1
"('Switzerland', 'Dilated Cardiomyopathy / Leigh Syndrome / Failure to Thrive & LA')",1
"('Belgium', 'Longevity / Cervical Carcinoma / HPV infection risk')",1
"('Turkey', 'Myopathy')",1
"('Ukraine', 'Prostate Cancer')",1
"('Israel', 'AD / PD / LHON')",1
"('Israel', 'Longevity / Extraversion / diabetes / AMS protection / blood iron metabolism / correlation with myocardial infarction / atherosclerosis')",1
"('Hungary', 'found in 1 HCM patient')",1
"('Israel', 'LHON / LDYT / DEAF / hypertension helper mut.')",1
"('Germany', 'SIDS')",1
"('Switzerland', 'Recurrent pregnancy loss')",1
"('Israel', 'Glaucoma')",1
"('Switzerland', 'Myopathy')",1
"('Israel', 'Increased risk of T2DM and high altitude polycythemia (HAPC) in haplogroup D4 / Longevity')",1
"('Israel', 'Depressive Disorder associated')",1
"('Germany', 'Possible LHON helper mutation')",1
"('Turkey', 'Prostate Cancer / LHON')",1
"('Israel', 'Complex mitochondriopathy-associated')",1
"('Turkey', 'DEAF / possibly LVNC-associated')",1
"('Israel', 'Coronary atherosclerosis risk')",1
"('Switzerland', 'Reduced risk PD')",1
"('Israel', 'Exercise Endurance / Coronary Atherosclerosis risk')",1
"('Germany', 'LHON / Epilepsy')",1
"('Israel', 'Progressive Encephalomyopathy')",1
"('Germany', 'MEPR')",1
"('Israel', 'Absence of Endometriosis')",1
"('Israel', 'BD-associated')",1
"('Ukraine', 'Tetralogy of Fallot patient')",1
"('Hungary', 'Leigh Disease')",1
"('Spain', 'Adult-Onset Dystonia')",1
"('Turkey', 'Depressive Disorder associated')",1
"('Moldova', 'Melanoma patients')",1
"('Turkey', 'Mitochondrial myopathy')",1
"('Switzerland', 'LHON synergistic combo 14258A + 14582G')",1
"('Switzerland', 'SIDS')",1
"('Latvia', 'Diabetes / Cardiomyopathy /cancer risk / mtDNA copy nbr / Metabolic Syndrome / Melanoma patients')",1
"('Great Britain', 'CPEO / DEAF enhancer / gout')",1
"('Serbia', 'Prostate Cancer / enriched in POAG cohort')",1
"('Armenia', 'Reversible brain pseudoatrophy')",1
"('Romania', 'BD-associated / melanoma pts')",1
"('Russia', 'Poss. hypertension factor')",1
"('Germany', 'Gout')",1
"('Germany', 'Possible contributor to mito dysfunction / hypertension')",1
"('Switzerland', 'Patient with suspected mitochondrial disease')",1
"('Great Britain', 'PD / early onset')",1
"('Serbia', 'Possibly LVNC cardiomyopathy-associated')",1
"('Serbia', 'Endometriosis')",1
"('Romania', 'Cyclic Vomiting Syndrome with Migraine')",1
"('Romania', 'Low VO2max response')",1
"('Armenia', 'Prostate Cancer')",1
"('Switzerland', 'DEAF / Infantile histiocytoid cardiomyopathy')",1
"('Romania', 'Diabetes / Cardiomyopathy /cancer risk / mtDNA copy nbr / Metabolic Syndrome / Melanoma patients')",1
"('Romania', 'Possible LHON helper variant')",1
"('Romania', 'AD / PD / LHON')",1
"('Romania', 'LHON possible helper variant')",1
"('Bulgaria', 'Carotid atherosclerosis risk')",1
"('Armenia', 'Depressive Disorder associated')",1
"('Sweden', 'DEMCHO')",1
"('Italy', 'DEAF')",1
"('Latvia', 'Potentially functional variant cosegregating with LHON3635A')",1
"('Poland', 'Mito myopathy w respiratory failure / intellectual disability')",1
"('Sweden', 'Cyclic Vomiting Syndrome with Migraine')",1
"('Great Britain', 'SNHL')",1
"('Hungary', 'Rett Syndrome')",1
"('Great Britain', 'Reduced risk PD')",1
"('Great Britain', 'Poss. hypertension factor')",1
"('Hungary', 'Mito Encephalopathy / EXIT with myopathy and ptosis')",1
"('Hungary', 'POAG - potential for association')",1
"('Hungary', 'Found in a Multiple Sclerosis patient')",1
"('Hungary', 'LHON modulator / hypertension / autism spectrum / intellectual disability')",1
"('Hungary', 'MELAS / Leigh Syndrome / DMDF / MIDD / SNHL / CPEO / MM / FSGS / ASD / Cardiac+multi-organ dysfunction')",1
"('Great Britain', 'Diabetes helper mutation AD / PD')",1
"('Lithuania', 'Longevity / Cervical Carcinoma / HPV infection risk')",1
"('Estonia', 'AD / PD / LHON')",1
"('Sweden', 'possible HCM susceptibility')",1
"('Estonia', 'Cyclic Vomiting Syndrome')",1
"('Sweden', 'Absence of Endometriosis')",1
"('Great Britain', 'Hypertension')",1
"('Estonia', 'Absence of Endometriosis')",1
"('Lithuania', 'Reversible brain pseudoatrophy')",1
"('Estonia', 'LHON / Insulin Resistance / AMD / NRTI-PN')",1
"('Estonia', 'Multiple Sclerosis / idiopathic repeat miscarriage / AD protection')",1
"('Estonia', 'LIMM')",1
"('Estonia', 'Melanoma patients')",1
"('Switzerland', 'Diabetes / LHON / PEO')",1
"('Serbia', 'Prostate Cancer')",1
"('Luxembourg', 'Mitochondrial myopathy')",1
"('Bulgaria', 'DEAF')",1
"('Armenia', 'MDD-associated')",1
"('Italy', 'Mitochondrial myopathy')",1
"('Italy', 'possible HCM susceptibility')",1
"('Latvia', 'LHON / SNHL / DEAF')",1
"('Luxembourg', 'Diabetes / Cardiomyopathy /cancer risk / mtDNA copy nbr / Metabolic Syndrome / Melanoma patients')",1
"('Switzerland', 'AD')",1
"('Armenia', 'MELAS-like syndrome')",1
"('Latvia', 'LHON PD')",1
"('Latvia', 'Patient with suspected mitochondrial disease')",1
"('Latvia', 'Coronary Heart Disease')",1
"('Armenia', 'Susceptibility to bullous pemphigoid')",1
"('Switzerland', 'SNHL')",1
"('Lithuania', 'Absence of Endometriosis')",1
"('Lithuania', 'Melanoma patients')",1
"('Armenia', 'PD / early onset')",1
"('Latvia', 'Absence of Endometriosis')",1
"('Poland', 'BD-associated')",1
"('Armenia', 'LHON PD')",1
"('Armenia', 'ADPD / Hearing Loss & Migraine / autism spectrum / intellectual disability')",1
"('Poland', 'LHON possible helper variant')",1
"('Czech Republic', 'MIDD')",1
"('Italy', 'Hypotonia / seizure / muscle weakness / lactic acidosis / hearing loss')",1
"('Switzerland', 'found in 1 HCM patient')",1
"('Russia', 'Mitochondrial myopathy')",1
"('Latvia', 'found in 1 HCM patient')",1
"('Luxembourg', 'Melanoma patients')",1
"('Luxembourg', 'DEAF1555 increased penetrance / LHON')",1
"('Luxembourg', 'DEAF')",1
"('Luxembourg', 'Found in a Multiple Sclerosis patient')",1
"('Poland', 'LHON synergistic combo 14258A + 14582G')",1
"('Luxembourg', 'LHON / Increased MS risk / higher freq in PD-ADS')",1
"('Bulgaria', 'MDD-associated')",1
"('Germany', 'LHON PD')",1
"('Italy', 'Possibly DEAF-associated')",1
"('Armenia', 'Dilated Cardiomyopathy / Leigh Syndrome / Failure to Thrive & LA')",1
"('Latvia', 'LHON')",1
"('Latvia', 'SNHL')",1
"('Turkey', 'DEAF1555 increased penetrance / LHON')",1
"('Russia', 'Prostate Cancer / enriched in POAG cohort')",1
"('Russia', 'Diabetes helper mutation AD / PD')",1
"('Russia', 'Reversible brain pseudoatrophy')",1
"('Russia', 'Hypotonia / seizure / muscle weakness / lactic acidosis / hearing loss')",1
"('Switzerland', 'Thyroid Cancer Cell Line')",1
"('Russia', 'Possible contributor to mito dysfunction / hypertension')",1
"('Russia', 'Myopathy')",1
"('Switzerland', 'Prostate Cancer / enriched in POAG cohort')",1
"('Turkey', 'DEAF')",1
"('Italy', 'SNHL')",1
"('Poland', 'Thyroid Cancer Cell Line')",2
"('Moldova', 'Cyclic Vomiting Syndrome with Migraine / high altitude disease risk factor')",2
"('Bulgaria', 'Prostate Cancer / hypertension')",2
"('Greece', 'LHON / Increased MS risk / higher freq in PD-ADS')",2
"('Poland', 'LHON / Multiple Sclerosis / DEAF1555 increased penetrance / CHD')",2
"('Moldova', 'Reduced risk of PD')",2
"('Greece', 'Possible protective factor for normal tension glaucoma')",2
"('Moldova', 'LHON / Increased MS risk / higher freq in PD-ADS')",2
"('Bulgaria', 'LHON')",2
"('Moldova', 'LHON / Insulin Resistance /possible adaptive high altitude variant / miscarriage')",2
"('Greece', 'Reduced risk of PD')",2
"('Austria', 'LHON / Insulin Resistance /possible adaptive high altitude variant / miscarriage')",2
"('Greece', 'LHON / Insulin Resistance /possible adaptive high altitude variant / miscarriage')",2
"('Latvia', 'Possible LHON factor')",2
"('Serbia', 'Low VO2max response')",2
"('Latvia', 'LHON / Increased MS risk / higher freq in PD-ADS')",2
"('Serbia', 'Longevity / Cervical Carcinoma / HPV infection risk')",2
"('Macedonia', 'Possible protective factor for normal tension glaucoma')",2
"('Croatia', 'Cyclic Vomiting Syndrome with Migraine')",2
"('Lithuania', 'LHON-like / LHON / MELAS')",2
"('Latvia', 'Cyclic Vomiting Syndrome with Migraine / high altitude disease risk factor')",2
"('Lithuania', 'possible HCM susceptibility')",2
"('Latvia', 'ADPD / Hearing Loss & Migraine / autism spectrum / intellectual disability')",2
"('Latvia', 'LIMM')",2
"('Latvia', 'Prostate Cancer / hypertension')",2
"('Latvia', 'Longevity / Cervical Carcinoma / HPV infection risk')",2
"('Croatia', 'Cyclic Vomiting Syndrome')",2
"('Georgia', 'Possible protective factor for normal tension glaucoma')",2
"('Hungary', 'EXIT / Obesity')",2
"('Serbia', 'Possible LHON helper variant')",2
"('Italy', 'Possible LHON factor')",2
"('Estonia', 'PD protective factor / longevity / altered cell pH / metabolic syndrome / breast cancer risk / Leigh Syndrome risk / ADHD / cognitive decline / SCA2 age of onset / Fuchs endothelial corneal dystrophy')",2
"('Estonia', 'LHON / Insulin Resistance /possible adaptive high altitude variant / miscarriage')",2
"('Estonia', 'Reduced risk of PD')",2
"('Italy', 'Prostate Cancer / enriched in POAG cohort')",2
"('Moldova', 'CPEO / Stroke / CM / Breast & Renal & Prostate Cancer Risk / Altered brain pH /sCJD')",2
"('Austria', 'Reduced risk of PD')",2
"('Croatia', 'Diabetes / Cardiomyopathy /cancer risk / mtDNA copy nbr / Metabolic Syndrome / Melanoma patients')",2
"('Croatia', 'Possible LHON factor')",2
"('Croatia', 'BD-associated / melanoma pts')",2
"('Germany', 'Susceptibility to bullous pemphigoid')",2
"('Croatia', 'Cyclic Vomiting Syndrome with Migraine / high altitude disease risk factor')",2
"('Greece', 'AD / PD / LHON')",2
"('Ukraine', 'LHON')",2
"('Germany', 'LHON / MS')",2
"('Croatia', 'LHON / Insulin Resistance /possible adaptive high altitude variant / miscarriage')",2
"('Croatia', 'LHON / Diabetes / CPTdeficiency / high altitude adaptation')",2
"('Germany', 'Adult-Onset Dystonia')",2
"('Lithuania', 'LHON')",2
"('Ukraine', 'LHON synergistic combo 14258A + 14582G')",2
"('Hungary', 'Prostate Cancer')",2
"('Lithuania', 'Possible LHON factor')",2
"('Bulgaria', 'Absence of Endometriosis')",2
"('Greece', 'Altered brain pH / sCJD patients')",2
"('Romania', 'Possible LHON factor')",2
"('Hungary', 'Adult-Onset Dystonia')",2
"('Lithuania', 'Prostate Cancer / hypertension')",2
"('Austria', 'LHON / Insulin Resistance / AMD / NRTI-PN')",2
"('Italy', 'BD-associated')",2
"('Austria', 'Multiple Sclerosis / idiopathic repeat miscarriage / AD protection')",2
"('Sweden', 'PD protective factor / longevity / altered cell pH / metabolic syndrome / breast cancer risk / Leigh Syndrome risk / ADHD / cognitive decline / SCA2 age of onset / Fuchs endothelial corneal dystrophy')",2
"('Switzerland', 'LIMM')",2
"('Great Britain', 'Resistance to high altitude pulmonary edema (HAPE)')",2
"('Germany', 'Myopathy')",2
"('Germany', 'MIDM')",2
"('Armenia', 'Myopathy')",2
"('Armenia', 'LHON / gout')",2
"('Germany', 'Coronary atherosclerosis risk')",2
"('Germany', 'LHON / LHON modulator')",2
"('Armenia', 'LHON')",2
"('Armenia', 'Prostate Cancer / enriched in POAG cohort')",2
"('Armenia', 'Cyclic Vomiting Syndrome with Migraine')",2
"('Russia', 'LHON PD')",2
"('Russia', 'Possible helper variant for 15927A')",2
"('Russia', 'Resistance to high altitude pulmonary edema (HAPE)')",2
"('France', 'PD protective factor')",2
"('Armenia', 'LHON / LDYT / DEAF / hypertension helper mut.')",2
"('Armenia', 'Longevity / Cervical Carcinoma / HPV infection risk')",2
"('Armenia', 'LHON / Insulin Resistance /possible adaptive high altitude variant / miscarriage')",2
"('Hungary', 'Possibly DEAF-associated')",2
"('Great Britain', 'Myopathy')",2
"('Estonia', 'LHON / Multiple Sclerosis / DEAF1555 increased penetrance / CHD')",2
"('Estonia', 'Reversible brain pseudoatrophy')",2
"('Sweden', 'LHON / Increased MS risk / higher freq in PD-ADS')",2
"('Kazakhstan', 'Cyclic Vomiting Syndrome')",2
"('Germany', 'LHON / Diabetes / CPTdeficiency / high altitude adaptation')",2
"('France', 'Reduced risk of PD')",2
"('France', 'LHON / Increased MS risk / higher freq in PD-ADS')",2
"('France', 'Coronary atherosclerosis risk')",2
"('France', 'MDD-associated')",2
"('Czech Republic', 'SNHL')",2
"('Czech Republic', 'LIMM')",2
"('Armenia', 'Absence of Endometriosis')",2
"('Czech Republic', 'Diabetes helper mutation AD / PD')",2
"('Czech Republic', 'Diabetes / Cardiomyopathy /cancer risk / mtDNA copy nbr / Metabolic Syndrome / Melanoma patients')",2
"('Czech Republic', 'DEAF')",2
"('Czech Republic', 'LHON / Increased MS risk / higher freq in PD-ADS')",2
"('Great Britain', 'Patient with suspected mitochondrial disease')",2
"('Great Britain', 'Increased risk of T2DM and high altitude polycythemia (HAPC) in haplogroup D4 / Longevity')",2
"('Hungary', 'ADPD / Hearing Loss & Migraine / autism spectrum / intellectual disability')",2
"('Great Britain', 'Possible LHON factor')",2
"('Estonia', 'PD protective factor')",2
"('Czech Republic', 'Recurrent pregnancy loss')",2
"('Germany', 'Prostate Cancer / hypertension')",2
"('Armenia', 'BD-associated')",2
"('Russia', 'AD / PD / LHON')",2
"('Belgium', 'Melanoma patients')",2
"('Poland', 'ADPD / Hearing Loss & Migraine / autism spectrum / intellectual disability')",2
"('Poland', 'Possibly DEAF-associated')",2
"('Germany', 'Recurrent pregnancy loss')",2
"('Switzerland', 'POAG - potential for association')",2
"('Switzerland', 'LHON-like / LHON / MELAS')",2
"('Switzerland', 'Multiple Sclerosis / idiopathic repeat miscarriage / AD protection')",2
"('Germany', 'Possibly LVNC-associated')",2
"('Turkey', 'Cyclic Vomiting Syndrome with Migraine / high altitude disease risk factor')",2
"('Turkey', 'Absence of Endometriosis')",2
"('Turkey', 'Diabetes / Cardiomyopathy /cancer risk / mtDNA copy nbr / Metabolic Syndrome / Melanoma patients')",2
"('Turkey', 'LHON / Increased MS risk / higher freq in PD-ADS')",2
"('Turkey', 'Endometriosis')",2
"('Turkey', 'Possibly LVNC cardiomyopathy-associated')",2
"('Switzerland', 'Possible LHON factor')",2
"('Russia', 'LHON / Multiple Sclerosis / DEAF1555 increased penetrance / CHD')",2
"('Russia', 'Possible LHON factor')",2
"('Belgium', 'Altered brain pH / sCJD patients')",2
"('Israel', 'BD-associated / melanoma pts')",2
"('Germany', 'Patient with suspected mitochondrial disease')",2
"('Israel', 'POAG - potential for association')",2
"('Russia', 'Susceptibility to bullous pemphigoid')",2
"('Russia', 'Cyclic Vomiting Syndrome with Migraine / high altitude disease risk factor')",2
"('Israel', 'LIMM')",2
"('Russia', 'LHON possible helper variant')",2
"('Russia', 'DMDF+HCM / GDM / possibly LVNC cardiomyopathy-associated')",2
"('Sweden', 'LHON / Insulin Resistance / AMD / NRTI-PN')",2
"('Sweden', 'LHON / Insulin Resistance /possible adaptive high altitude variant / miscarriage')",2
"('Sweden', 'Multiple Sclerosis / idiopathic repeat miscarriage / AD protection')",2
"('Italy', 'Prostate Cancer / LHON')",2
"('Sweden', 'Diabetes / Cardiomyopathy /cancer risk / mtDNA copy nbr / Metabolic Syndrome / Melanoma patients')",2
"('Israel', 'PD protective factor')",2
"('Israel', 'Cyclic Vomiting Syndrome')",2
"('Sweden', 'Longevity / Cervical Carcinoma / HPV infection risk')",2
"('Israel', 'Possible LHON factor')",2
"('Israel', 'MDD-associated')",2
"('Israel', 'LHON / Insulin Resistance /possible adaptive high altitude variant / miscarriage')",2
"('Israel', 'Cyclic Vomiting Syndrome with Migraine / high altitude disease risk factor')",2
"('Israel', 'LHON / Increased MS risk / higher freq in PD-ADS')",2
"('Sweden', 'Cyclic Vomiting Syndrome')",2
"('Slovakia', 'Altered brain pH / sCJD patients')",2
"('Greece', 'Cyclic Vomiting Syndrome with Migraine / high altitude disease risk factor')",2
"('Russia', 'LHON')",2
"('Czech Republic', 'Possibly LVNC cardiomyopathy-associated')",2
"('Kazakhstan', 'Prostate Cancer / LHON')",2
"('Great Britain', 'Diabetes / LHON / PEO')",2
"('Spain', 'DEAF')",2
"('Spain', 'Carotid atherosclerosis risk')",2
"('Kazakhstan', 'AD / PD / LHON')",2
"('Switzerland', 'DEAF')",2
"('Spain', 'Possible LHON factor')",2
"('Czech Republic', 'Endometriosis')",2
"('The Netherlands', 'Cyclic Vomiting Syndrome with Migraine / high altitude disease risk factor')",2
"('The Netherlands', 'Melanoma patients')",2
"('The Netherlands', 'LHON / Increased MS risk / higher freq in PD-ADS')",2
"('The Netherlands', 'BD-associated / melanoma pts')",2
"('Italy', 'Cyclic Vomiting Syndrome with Migraine')",2
"('Spain', 'Absence of Endometriosis')",2
"('Greece', 'Reduced risk PD')",2
"('Portugal', 'Melanoma patients')",2
"('France', 'Possible LHON factor')",2
"('Kyrgyzstan', 'Glaucoma')",2
"('Mongolia', 'BD-associated / melanoma pts')",2
"('Kyrgyzstan', 'Depressive Disorder associated')",2
"('Mongolia', 'Possibly DEAF-associated')",2
"('Kyrgyzstan', 'Melanoma patients')",2
"('Turkey', 'LHON / Insulin Resistance /possible adaptive high altitude variant / miscarriage')",2
"('Kyrgyzstan', 'Altered brain pH / sCJD patients')",2
"('Hungary', 'Mito myopathy w respiratory failure / intellectual disability')",2
"('Iran', 'PD protective factor')",2
"('Kyrgyzstan', 'LHON / LHON modulator')",2
"('Kyrgyzstan', 'Longevity / Extraversion / diabetes / AMS protection / blood iron metabolism / correlation with myocardial infarction / atherosclerosis')",2
"('Kyrgyzstan', 'Cyclic Vomiting Syndrome with Migraine / high altitude disease risk factor')",2
"('Kyrgyzstan', 'Increased risk of T2DM and high altitude polycythemia (HAPC) in haplogroup D4 / Longevity')",2
"('Spain', 'LHON possible helper variant')",2
"('Iran', 'PD protective factor / longevity / altered cell pH / metabolic syndrome / breast cancer risk / Leigh Syndrome risk / ADHD / cognitive decline / SCA2 age of onset / Fuchs endothelial corneal dystrophy')",2
"('Spain', 'DMDF+HCM / GDM / possibly LVNC cardiomyopathy-associated')",2
"('Kyrgyzstan', 'Low VO2max response')",2
"('Russia', 'LHON / Insulin Resistance / AMD / NRTI-PN')",3
"('Spain', 'Endometriosis')",3
"('Austria', 'CPEO / Stroke / CM / Breast & Renal & Prostate Cancer Risk / Altered brain pH /sCJD')",3
"('Italy', 'POAG - potential for association')",3
"('Kazakhstan', 'LIMM')",3
"('Sweden', 'Reduced risk of PD')",3
"('Sweden', 'Possible protective factor for normal tension glaucoma')",3
"('Italy', 'AD / PD / LHON')",3
"('Lithuania', 'LHON / Multiple Sclerosis / DEAF1555 increased penetrance / CHD')",3
"('Israel', 'Multiple Sclerosis / idiopathic repeat miscarriage / AD protection')",3
"('Israel', 'LHON / Insulin Resistance / AMD / NRTI-PN')",3
"('Lithuania', 'Endometriosis')",3
"('Russia', 'LIMM')",3
"('Russia', 'Endometriosis')",3
"('Bulgaria', 'Cyclic Vomiting Syndrome with Migraine / high altitude disease risk factor')",3
"('Russia', 'POAG - potential for association')",3
"('Italy', 'MDD-associated')",3
"('Russia', 'Multiple Sclerosis / idiopathic repeat miscarriage / AD protection')",3
"('Russia', 'Possibly LVNC cardiomyopathy-associated')",3
"('Bulgaria', 'Longevity / Cervical Carcinoma / HPV infection risk')",3
"('Hungary', 'Carotid atherosclerosis risk')",3
"('Sweden', 'BD-associated / melanoma pts')",3
"('Russia', 'PD protective factor')",3
"('Turkey', 'AD / PD / LHON')",3
"('Turkey', 'PD protective factor')",3
"('Turkey', 'Cyclic Vomiting Syndrome')",3
"('Iran', 'CPEO / Stroke / CM / Breast & Renal & Prostate Cancer Risk / Altered brain pH /sCJD')",3
"('Poland', 'Possibly LVNC cardiomyopathy-associated')",3
"('Bulgaria', 'Possible LHON factor')",3
"('Poland', 'Susceptibility to bullous pemphigoid')",3
"('Moldova', 'PD protective factor / longevity / altered cell pH / metabolic syndrome / breast cancer risk / Leigh Syndrome risk / ADHD / cognitive decline / SCA2 age of onset / Fuchs endothelial corneal dystrophy')",3
"('Poland', 'Endometriosis')",3
"('Moldova', 'Cyclic Vomiting Syndrome')",3
"('Switzerland', 'Endometriosis')",3
"('Great Britain', 'LHON / Multiple Sclerosis / DEAF1555 increased penetrance / CHD')",3
"('Great Britain', 'Reversible brain pseudoatrophy')",3
"('Great Britain', 'POAG - potential for association')",3
"('Germany', 'Mito myopathy w respiratory failure / intellectual disability')",3
"('Germany', 'BD-associated')",3
"('Germany', 'found in 1 HCM patient')",3
"('Israel', 'Diabetes / Cardiomyopathy /cancer risk / mtDNA copy nbr / Metabolic Syndrome / Melanoma patients')",3
"('Kazakhstan', 'Possibly LVNC cardiomyopathy-associated')",3
"('Croatia', 'Absence of Endometriosis')",3
"('Kazakhstan', 'Endometriosis')",3
"('Ukraine', 'Cyclic Vomiting Syndrome with Migraine')",3
"('France', 'Cyclic Vomiting Syndrome')",3
"('Croatia', 'LHON / Increased MS risk / higher freq in PD-ADS')",3
"('Greece', 'PD protective factor / longevity / altered cell pH / metabolic syndrome / breast cancer risk / Leigh Syndrome risk / ADHD / cognitive decline / SCA2 age of onset / Fuchs endothelial corneal dystrophy')",3
"('France', 'Melanoma patients')",3
"('Kazakhstan', 'MDD-associated')",3
"('Bulgaria', 'LHON / Increased MS risk / higher freq in PD-ADS')",3
"('Turkey', 'Longevity / Cervical Carcinoma / HPV infection risk')",3
"('Armenia', 'Diabetes / Cardiomyopathy /cancer risk / mtDNA copy nbr / Metabolic Syndrome / Melanoma patients')",3
"('Spain', 'Possibly LVNC cardiomyopathy-associated')",3
"('Lithuania', 'Diabetes / Cardiomyopathy /cancer risk / mtDNA copy nbr / Metabolic Syndrome / Melanoma patients')",3
"('Serbia', 'Diabetes / Cardiomyopathy /cancer risk / mtDNA copy nbr / Metabolic Syndrome / Melanoma patients')",3
"('Estonia', 'BD-associated / melanoma pts')",3
"('Estonia', 'CPEO / Stroke / CM / Breast & Renal & Prostate Cancer Risk / Altered brain pH /sCJD')",3
"('Romania', 'Multiple Sclerosis / idiopathic repeat miscarriage / AD protection')",3
"('Romania', 'Reduced risk of PD')",3
"('Kyrgyzstan', 'Possible protective factor for normal tension glaucoma')",3
"('Great Britain', 'Possible helper variant for 15927A')",3
"('Ukraine', 'LHON / Insulin Resistance / AMD / NRTI-PN')",3
"('Czech Republic', 'LHON / LDYT / DEAF / hypertension helper mut.')",3
"('Ukraine', 'Multiple Sclerosis / idiopathic repeat miscarriage / AD protection')",3
"('Czech Republic', 'AD / PD / LHON')",3
"('Kyrgyzstan', 'MDD-associated')",3
"('Czech Republic', 'LHON')",3
"('Estonia', 'Cyclic Vomiting Syndrome with Migraine / high altitude disease risk factor')",3
"('Italy', 'CPEO / MM')",3
"('Estonia', 'LHON / Increased MS risk / higher freq in PD-ADS')",3
"('Germany', 'LHON / SNHL / DEAF')",3
"('Czech Republic', 'CPEO / MM')",3
"('Poland', 'Prostate Cancer / hypertension')",3
"('Poland', 'LHON')",3
"('Poland', 'POAG - potential for association')",3
"('Czech Republic', 'Possible LHON factor')",3
"('Kyrgyzstan', 'PD protective factor / longevity / altered cell pH / metabolic syndrome / breast cancer risk / Leigh Syndrome risk / ADHD / cognitive decline / SCA2 age of onset / Fuchs endothelial corneal dystrophy')",3
"('Germany', 'SNHL')",3
"('Hungary', 'Endometriosis')",3
"('Germany', 'Poss. hypertension factor')",3
"('Germany', 'Thyroid Cancer Cell Line')",3
"('Romania', 'LHON / Insulin Resistance /possible adaptive high altitude variant / miscarriage')",3
"('Romania', 'LHON / Insulin Resistance / AMD / NRTI-PN')",3
"('Lithuania', 'LHON / Increased MS risk / higher freq in PD-ADS')",3
"('Germany', 'Mitochondrial myopathy')",3
"('Kyrgyzstan', 'LHON / Insulin Resistance /possible adaptive high altitude variant / miscarriage')",3
"('Kazakhstan', 'POAG - potential for association')",3
"('Kazakhstan', 'Absence of Endometriosis')",3
"('Serbia', 'POAG - potential for association')",3
"('Kyrgyzstan', 'LHON / Insulin Resistance / AMD / NRTI-PN')",3
"('Romania', 'Longevity / Cervical Carcinoma / HPV infection risk')",3
"('Armenia', 'LHON / Insulin Resistance / AMD / NRTI-PN')",3
"('Romania', 'Cyclic Vomiting Syndrome with Migraine / high altitude disease risk factor')",3
"('Poland', 'Reversible brain pseudoatrophy')",3
"('Croatia', 'Longevity / Cervical Carcinoma / HPV infection risk')",3
"('Kyrgyzstan', 'Reduced risk of PD')",3
"('Kyrgyzstan', 'Multiple Sclerosis / idiopathic repeat miscarriage / AD protection')",3
"('Portugal', 'BD-associated / melanoma pts')",3
"('Germany', 'LHON / LDYT / DEAF / hypertension helper mut.')",3
"('Serbia', 'LIMM')",3
"('Serbia', 'MDD-associated')",3
"('Armenia', 'Multiple Sclerosis / idiopathic repeat miscarriage / AD protection')",3
"('Hungary', 'DEAF')",3
"('Lithuania', 'Possibly LVNC cardiomyopathy-associated')",3
"('Latvia', 'Cyclic Vomiting Syndrome')",3
"('Portugal', 'MDD-associated')",3
"('Armenia', 'LIMM')",3
"('France', 'Absence of Endometriosis')",3
"('Armenia', 'POAG - potential for association')",4
"('Israel', 'Reduced risk of PD')",4
"('Hungary', 'Thyroid Cancer Cell Line')",4
"('Lithuania', 'BD-associated / melanoma pts')",4
"('Estonia', 'Possible protective factor for normal tension glaucoma')",4
"('Estonia', 'Low VO2max response')",4
"('Italy', 'Absence of Endometriosis')",4
"('Switzerland', 'Diabetes / Cardiomyopathy /cancer risk / mtDNA copy nbr / Metabolic Syndrome / Melanoma patients')",4
"('Switzerland', 'LHON')",4
"('Israel', 'Longevity / Cervical Carcinoma / HPV infection risk')",4
"('Switzerland', 'AD / PD / LHON')",4
"('Switzerland', 'Cyclic Vomiting Syndrome with Migraine')",4
"('Switzerland', 'Absence of Endometriosis')",4
"('Armenia', 'Possibly LVNC cardiomyopathy-associated')",4
"('Italy', 'LHON / Diabetes / CPTdeficiency / high altitude adaptation')",4
"('Lithuania', 'Low VO2max response')",4
"('Armenia', 'Endometriosis')",4
"('Lithuania', 'PD protective factor / longevity / altered cell pH / metabolic syndrome / breast cancer risk / Leigh Syndrome risk / ADHD / cognitive decline / SCA2 age of onset / Fuchs endothelial corneal dystrophy')",4
"('Armenia', 'LHON / Increased MS risk / higher freq in PD-ADS')",4
"('Lithuania', 'PD protective factor')",4
"('Lithuania', 'Cyclic Vomiting Syndrome')",4
"('Israel', 'LHON')",4
"('Armenia', 'possible HCM susceptibility')",4
"('Romania', 'CPEO / Stroke / CM / Breast & Renal & Prostate Cancer Risk / Altered brain pH /sCJD')",4
"('Poland', 'Absence of Endometriosis')",4
"('Portugal', 'CPEO / Stroke / CM / Breast & Renal & Prostate Cancer Risk / Altered brain pH /sCJD')",4
"('Czech Republic', 'Multiple Sclerosis / idiopathic repeat miscarriage / AD protection')",4
"('Germany', 'LHON possible helper variant')",4
"('France', 'Longevity / Cervical Carcinoma / HPV infection risk')",4
"('The Netherlands', 'PD protective factor / longevity / altered cell pH / metabolic syndrome / breast cancer risk / Leigh Syndrome risk / ADHD / cognitive decline / SCA2 age of onset / Fuchs endothelial corneal dystrophy')",4
"('The Netherlands', 'PD protective factor')",4
"('The Netherlands', 'Low VO2max response')",4
"('Spain', 'Cyclic Vomiting Syndrome')",4
"('Hungary', 'Prostate Cancer / LHON')",4
"('Spain', 'Cyclic Vomiting Syndrome with Migraine')",4
"('Croatia', 'PD protective factor')",4
"('Croatia', 'Low VO2max response')",4
"('Romania', 'Cyclic Vomiting Syndrome')",4
"('Serbia', 'Melanoma patients')",4
"('Turkey', 'Reduced risk of PD')",4
"('Turkey', 'Multiple Sclerosis / idiopathic repeat miscarriage / AD protection')",4
"('Turkey', 'Melanoma patients')",4
"('Portugal', 'PD protective factor / longevity / altered cell pH / metabolic syndrome / breast cancer risk / Leigh Syndrome risk / ADHD / cognitive decline / SCA2 age of onset / Fuchs endothelial corneal dystrophy')",4
"('Turkey', 'PD protective factor / longevity / altered cell pH / metabolic syndrome / breast cancer risk / Leigh Syndrome risk / ADHD / cognitive decline / SCA2 age of onset / Fuchs endothelial corneal dystrophy')",4
"('Switzerland', 'Carotid atherosclerosis risk')",4
"('Germany', 'Reversible brain pseudoatrophy')",4
"('Germany', 'Prostate Cancer / LHON')",4
"('Czech Republic', 'LHON / Insulin Resistance /possible adaptive high altitude variant / miscarriage')",4
"('France', 'Cyclic Vomiting Syndrome with Migraine / high altitude disease risk factor')",4
"('Germany', 'Resistance to high altitude pulmonary edema (HAPE)')",4
"('Germany', 'DEAF')",4
"('Russia', 'Cyclic Vomiting Syndrome')",4
"('Russia', 'Cyclic Vomiting Syndrome with Migraine')",4
"('Sweden', 'PD protective factor')",4
"('Great Britain', 'Coronary atherosclerosis risk')",4
"('Sweden', 'CPEO / Stroke / CM / Breast & Renal & Prostate Cancer Risk / Altered brain pH /sCJD')",4
"('Great Britain', 'Endometriosis')",4
"('Great Britain', 'Possibly LVNC cardiomyopathy-associated')",4
"('Hungary', 'BD-associated')",4
"('Czech Republic', 'Absence of Endometriosis')",4
"('Czech Republic', 'Coronary atherosclerosis risk')",4
"('Czech Republic', 'Poss. hypertension factor')",4
"('Germany', 'LHON / Multiple Sclerosis / DEAF1555 increased penetrance / CHD')",4
"('Switzerland', 'MDD-associated')",4
"('Ukraine', 'Cyclic Vomiting Syndrome')",4
"('Czech Republic', 'LHON / Insulin Resistance / AMD / NRTI-PN')",4
"('Ukraine', 'Thyroid Cancer Cell Line')",4
"('Ukraine', 'Endometriosis')",4
"('Ukraine', 'Possibly LVNC cardiomyopathy-associated')",4
"('Ukraine', 'LHON / Increased MS risk / higher freq in PD-ADS')",4
"('Ukraine', 'Cyclic Vomiting Syndrome with Migraine / high altitude disease risk factor')",4
"('Serbia', 'Cyclic Vomiting Syndrome')",4
"('Moldova', 'Altered brain pH / sCJD patients')",4
"('Latvia', 'BD-associated / melanoma pts')",4
"('Serbia', 'PD protective factor')",4
"('Moldova', 'Possible protective factor for normal tension glaucoma')",4
"('Portugal', 'Possible protective factor for normal tension glaucoma')",5
"('Switzerland', 'LHON / Insulin Resistance / AMD / NRTI-PN')",5
"('Bulgaria', 'Multiple Sclerosis / idiopathic repeat miscarriage / AD protection')",5
"('Romania', 'Melanoma patients')",5
"('Latvia', 'Multiple Sclerosis / idiopathic repeat miscarriage / AD protection')",5
"('Switzerland', 'Possibly LVNC cardiomyopathy-associated')",5
"('Croatia', 'Melanoma patients')",5
"('Hungary', 'LHON')",5
"('Hungary', 'Prostate Cancer / hypertension')",5
"('Sweden', 'Low VO2max response')",5
"('Austria', 'Melanoma patients')",5
"('Czech Republic', 'Longevity / Cervical Carcinoma / HPV infection risk')",5
"('Czech Republic', 'Resistance to high altitude pulmonary edema (HAPE)')",5
"('Czech Republic', 'Myopathy')",5
"('Bulgaria', 'LHON / Insulin Resistance / AMD / NRTI-PN')",5
"('Hungary', 'Possibly LVNC cardiomyopathy-associated')",5
"('Germany', 'Prostate Cancer / enriched in POAG cohort')",5
"('Poland', 'Prostate Cancer')",5
"('Switzerland', 'BD-associated / melanoma pts')",5
"('Latvia', 'PD protective factor')",5
"('Austria', 'Possible protective factor for normal tension glaucoma')",5
"('Spain', 'PD protective factor')",5
"('Latvia', 'LHON / Insulin Resistance / AMD / NRTI-PN')",5
"('Turkey', 'LHON / Insulin Resistance / AMD / NRTI-PN')",5
"('Ukraine', 'Reduced risk of PD')",5
"('Armenia', 'Mitochondrial myopathy')",5
"('Armenia', 'PD protective factor')",5
"('Estonia', 'Diabetes / Cardiomyopathy /cancer risk / mtDNA copy nbr / Metabolic Syndrome / Melanoma patients')",5
"('Ukraine', 'Absence of Endometriosis')",5
"('Czech Republic', 'Reduced risk of PD')",5
"('Kazakhstan', 'Cyclic Vomiting Syndrome with Migraine')",5
"('Hungary', 'Cyclic Vomiting Syndrome with Migraine')",5
"('Kazakhstan', 'PD protective factor')",5
"('Serbia', 'Cyclic Vomiting Syndrome with Migraine')",5
"('Armenia', 'Cyclic Vomiting Syndrome with Migraine / high altitude disease risk factor')",5
"('Armenia', 'Cyclic Vomiting Syndrome')",5
"('Russia', 'LHON / Insulin Resistance /possible adaptive high altitude variant / miscarriage')",5
"('Armenia', 'AD / PD / LHON')",6
"('The Netherlands', 'CPEO / Stroke / CM / Breast & Renal & Prostate Cancer Risk / Altered brain pH /sCJD')",6
"('Great Britain', 'AD / PD / LHON')",6
"('Kazakhstan', 'LHON / Increased MS risk / higher freq in PD-ADS')",6
"('Israel', 'PD protective factor / longevity / altered cell pH / metabolic syndrome / breast cancer risk / Leigh Syndrome risk / ADHD / cognitive decline / SCA2 age of onset / Fuchs endothelial corneal dystrophy')",6
"('Spain', 'LIMM')",6
"('Spain', 'LHON')",6
"('Spain', 'AD / PD / LHON')",6
"('Kazakhstan', 'LHON')",6
"('Poland', 'MDD-associated')",6
"('Estonia', 'Altered brain pH / sCJD patients')",6
"('Kazakhstan', 'Melanoma patients')",6
"('Poland', 'Cyclic Vomiting Syndrome')",6
"('Russia', 'MDD-associated')",6
"('Russia', 'LHON / Epilepsy')",6
"('Poland', 'LIMM')",6
"('Czech Republic', 'Depressive Disorder associated')",6
"('Czech Republic', 'Glaucoma')",6
"('Czech Republic', 'Increased risk of T2DM and high altitude polycythemia (HAPC) in haplogroup D4 / Longevity')",6
"('Austria', 'Altered brain pH / sCJD patients')",6
"('France', 'PD protective factor / longevity / altered cell pH / metabolic syndrome / breast cancer risk / Leigh Syndrome risk / ADHD / cognitive decline / SCA2 age of onset / Fuchs endothelial corneal dystrophy')",6
"('France', 'CPEO / Stroke / CM / Breast & Renal & Prostate Cancer Risk / Altered brain pH /sCJD')",6
"('Greece', 'Low VO2max response')",6
"('Czech Republic', 'PD protective factor')",6
"('Great Britain', 'Cyclic Vomiting Syndrome with Migraine')",6
"('Russia', 'Absence of Endometriosis')",6
"('Great Britain', 'Absence of Endometriosis')",6
"('Italy', 'LIMM')",6
"('Russia', 'LHON / Increased MS risk / higher freq in PD-ADS')",6
"('Croatia', 'PD protective factor / longevity / altered cell pH / metabolic syndrome / breast cancer risk / Leigh Syndrome risk / ADHD / cognitive decline / SCA2 age of onset / Fuchs endothelial corneal dystrophy')",6
"('Serbia', 'PD protective factor / longevity / altered cell pH / metabolic syndrome / breast cancer risk / Leigh Syndrome risk / ADHD / cognitive decline / SCA2 age of onset / Fuchs endothelial corneal dystrophy')",6
"('Serbia', 'AD / PD / LHON')",6
"('Serbia', 'BD-associated / melanoma pts')",6
"('Iran', 'Altered brain pH / sCJD patients')",6
"('Italy', 'Possibly LVNC cardiomyopathy-associated')",6
"('Italy', 'Endometriosis')",6
"('Israel', 'Possible protective factor for normal tension glaucoma')",7
"('Bulgaria', 'Reduced risk of PD')",7
"('Great Britain', 'LHON')",7
"('Great Britain', 'LIMM')",7
"('Spain', 'LHON / Increased MS risk / higher freq in PD-ADS')",7
"('Russia', 'Reduced risk of PD')",7
"('Great Britain', 'Mitochondrial myopathy')",7
"('Czech Republic', 'Cyclic Vomiting Syndrome with Migraine')",7
"('Armenia', 'Reduced risk of PD')",7
"('Poland', 'Possible LHON factor')",7
"('Spain', 'MDD-associated')",7
"('Hungary', 'LHON / Increased MS risk / higher freq in PD-ADS')",7
"('Italy', 'Cyclic Vomiting Syndrome')",7
"('Bulgaria', 'LHON / Insulin Resistance /possible adaptive high altitude variant / miscarriage')",7
"('Great Britain', 'Carotid atherosclerosis risk')",7
"('Serbia', 'CPEO / Stroke / CM / Breast & Renal & Prostate Cancer Risk / Altered brain pH /sCJD')",7
"('Armenia', 'PD protective factor / longevity / altered cell pH / metabolic syndrome / breast cancer risk / Leigh Syndrome risk / ADHD / cognitive decline / SCA2 age of onset / Fuchs endothelial corneal dystrophy')",7
"('Latvia', 'LHON / Insulin Resistance /possible adaptive high altitude variant / miscarriage')",7
"('Poland', 'Cyclic Vomiting Syndrome with Migraine')",7
"('Turkey', 'CPEO / Stroke / CM / Breast & Renal & Prostate Cancer Risk / Altered brain pH /sCJD')",7
"('Ukraine', 'LHON / Insulin Resistance /possible adaptive high altitude variant / miscarriage')",7
"('Latvia', 'Reduced risk of PD')",7
"('Serbia', 'LHON / Insulin Resistance / AMD / NRTI-PN')",7
"('Kazakhstan', 'Longevity / Cervical Carcinoma / HPV infection risk')",7
"('Serbia', 'Multiple Sclerosis / idiopathic repeat miscarriage / AD protection')",7
"('Switzerland', 'LHON / Increased MS risk / higher freq in PD-ADS')",7
"('Serbia', 'LHON / Insulin Resistance /possible adaptive high altitude variant / miscarriage')",7
"('Bulgaria', 'PD protective factor')",7
"('Czech Republic', 'Mitochondrial myopathy')",7
"('Switzerland', 'Longevity / Cervical Carcinoma / HPV infection risk')",7
"('Ukraine', 'Low VO2max response')",7
"('Armenia', 'Melanoma patients')",7
"('Serbia', 'Reduced risk of PD')",7
"('Kazakhstan', 'Possible protective factor for normal tension glaucoma')",7
"('Latvia', 'PD protective factor / longevity / altered cell pH / metabolic syndrome / breast cancer risk / Leigh Syndrome risk / ADHD / cognitive decline / SCA2 age of onset / Fuchs endothelial corneal dystrophy')",7
"('Hungary', 'AD / PD / LHON')",8
"('Bulgaria', 'Cyclic Vomiting Syndrome')",8
"('Israel', 'Low VO2max response')",8
"('Bulgaria', 'Melanoma patients')",8
"('Romania', 'Altered brain pH / sCJD patients')",8
"('Serbia', 'Cyclic Vomiting Syndrome with Migraine / high altitude disease risk factor')",8
"('Ukraine', 'BD-associated / melanoma pts')",8
"('Spain', 'Cyclic Vomiting Syndrome with Migraine / high altitude disease risk factor')",8
"('Lithuania', 'CPEO / Stroke / CM / Breast & Renal & Prostate Cancer Risk / Altered brain pH /sCJD')",8
"('Sweden', 'Altered brain pH / sCJD patients')",8
"('Turkey', 'BD-associated / melanoma pts')",8
"('Spain', 'Diabetes / Cardiomyopathy /cancer risk / mtDNA copy nbr / Metabolic Syndrome / Melanoma patients')",8
"('Kazakhstan', 'Multiple Sclerosis / idiopathic repeat miscarriage / AD protection')",8
"('Portugal', 'Altered brain pH / sCJD patients')",8
"('Germany', 'Depressive Disorder associated')",8
"('Germany', 'Glaucoma')",8
"('Switzerland', 'PD protective factor')",9
"('Germany', 'LHON')",9
"('Kazakhstan', 'BD-associated / melanoma pts')",9
"('Hungary', 'MDD-associated')",9
"('Great Britain', 'DEAF')",9
"('Czech Republic', 'Melanoma patients')",9
"('Romania', 'Possible protective factor for normal tension glaucoma')",9
"('Germany', 'Increased risk of T2DM and high altitude polycythemia (HAPC) in haplogroup D4 / Longevity')",9
"('Croatia', 'CPEO / Stroke / CM / Breast & Renal & Prostate Cancer Risk / Altered brain pH /sCJD')",9
"('Czech Republic', 'Cyclic Vomiting Syndrome')",9
"('Ukraine', 'Diabetes / Cardiomyopathy /cancer risk / mtDNA copy nbr / Metabolic Syndrome / Melanoma patients')",9
"('Ukraine', 'Possible LHON factor')",9
"('Switzerland', 'Reduced risk of PD')",9
"('The Netherlands', 'Possible protective factor for normal tension glaucoma')",9
"('Bulgaria', 'PD protective factor / longevity / altered cell pH / metabolic syndrome / breast cancer risk / Leigh Syndrome risk / ADHD / cognitive decline / SCA2 age of onset / Fuchs endothelial corneal dystrophy')",9
"('Hungary', 'Possible LHON factor')",9
"('Kazakhstan', 'LHON / Insulin Resistance / AMD / NRTI-PN')",9
"('Spain', 'Longevity / Cervical Carcinoma / HPV infection risk')",9
"('France', 'Low VO2max response')",9
"('Israel', 'CPEO / Stroke / CM / Breast & Renal & Prostate Cancer Risk / Altered brain pH /sCJD')",10
"('Israel', 'Melanoma patients')",10
"('Latvia', 'Low VO2max response')",10
"('Spain', 'Multiple Sclerosis / idiopathic repeat miscarriage / AD protection')",10
"('Moldova', 'Low VO2max response')",10
"('Germany', 'Possibly LVNC cardiomyopathy-associated')",10
"('Spain', 'LHON / Insulin Resistance / AMD / NRTI-PN')",10
"('Czech Republic', 'Cyclic Vomiting Syndrome with Migraine / high altitude disease risk factor')",10
"('Spain', 'BD-associated / melanoma pts')",10
"('Poland', 'Longevity / Cervical Carcinoma / HPV infection risk')",10
"('Poland', 'Multiple Sclerosis / idiopathic repeat miscarriage / AD protection')",10
"('Italy', 'LHON')",10
"('Germany', 'AD / PD / LHON')",10
"('Bulgaria', 'Low VO2max response')",10
"('Latvia', 'Melanoma patients')",11
"('Italy', 'LHON / Insulin Resistance / AMD / NRTI-PN')",11
"('Switzerland', 'Cyclic Vomiting Syndrome with Migraine / high altitude disease risk factor')",11
"('Hungary', 'Absence of Endometriosis')",11
"('Poland', 'LHON / Insulin Resistance / AMD / NRTI-PN')",11
"('Poland', 'PD protective factor')",11
"('France', 'Altered brain pH / sCJD patients')",11
"('Germany', 'Absence of Endometriosis')",11
"('Italy', 'PD protective factor')",11
"('Germany', 'Endometriosis')",11
"('Hungary', 'LIMM')",11
"('Kazakhstan', 'PD protective factor / longevity / altered cell pH / metabolic syndrome / breast cancer risk / Leigh Syndrome risk / ADHD / cognitive decline / SCA2 age of onset / Fuchs endothelial corneal dystrophy')",11
"('Great Britain', 'Multiple Sclerosis / idiopathic repeat miscarriage / AD protection')",12
"('Switzerland', 'Melanoma patients')",12
"('Poland', 'Cyclic Vomiting Syndrome with Migraine / high altitude disease risk factor')",12
"('Switzerland', 'LHON / Insulin Resistance /possible adaptive high altitude variant / miscarriage')",12
"('France', 'Possible protective factor for normal tension glaucoma')",12
"('Armenia', 'CPEO / Stroke / CM / Breast & Renal & Prostate Cancer Risk / Altered brain pH /sCJD')",12
"('Kazakhstan', 'LHON / Insulin Resistance /possible adaptive high altitude variant / miscarriage')",12
"('Kazakhstan', 'CPEO / Stroke / CM / Breast & Renal & Prostate Cancer Risk / Altered brain pH /sCJD')",12
"('Kazakhstan', 'Reduced risk of PD')",12
"('Ukraine', 'PD protective factor / longevity / altered cell pH / metabolic syndrome / breast cancer risk / Leigh Syndrome risk / ADHD / cognitive decline / SCA2 age of onset / Fuchs endothelial corneal dystrophy')",12
"('Russia', 'Diabetes / Cardiomyopathy /cancer risk / mtDNA copy nbr / Metabolic Syndrome / Melanoma patients')",12
"('Hungary', 'Multiple Sclerosis / idiopathic repeat miscarriage / AD protection')",12
"('The Netherlands', 'Altered brain pH / sCJD patients')",12
"('Czech Republic', 'BD-associated / melanoma pts')",12
"('Russia', 'BD-associated / melanoma pts')",12
"('Ukraine', 'PD protective factor')",12
"('Italy', 'Multiple Sclerosis / idiopathic repeat miscarriage / AD protection')",12
"('Poland', 'Diabetes / Cardiomyopathy /cancer risk / mtDNA copy nbr / Metabolic Syndrome / Melanoma patients')",12
"('Kazakhstan', 'Cyclic Vomiting Syndrome with Migraine / high altitude disease risk factor')",12
"('Kazakhstan', 'Low VO2max response')",12
"('Italy', 'LHON / Insulin Resistance /possible adaptive high altitude variant / miscarriage')",12
"('Hungary', 'Diabetes / Cardiomyopathy /cancer risk / mtDNA copy nbr / Metabolic Syndrome / Melanoma patients')",13
"('Italy', 'Diabetes / Cardiomyopathy /cancer risk / mtDNA copy nbr / Metabolic Syndrome / Melanoma patients')",13
"('Armenia', 'Low VO2max response')",13
"('Hungary', 'LHON / Insulin Resistance / AMD / NRTI-PN')",13
"('Armenia', 'BD-associated / melanoma pts')",13
"('Lithuania', 'Possible protective factor for normal tension glaucoma')",13
"('Great Britain', 'LHON / Insulin Resistance / AMD / NRTI-PN')",13
"('Hungary', 'Cyclic Vomiting Syndrome')",13
"('Russia', 'PD protective factor / longevity / altered cell pH / metabolic syndrome / breast cancer risk / Leigh Syndrome risk / ADHD / cognitive decline / SCA2 age of onset / Fuchs endothelial corneal dystrophy')",13
"('Spain', 'LHON / Insulin Resistance /possible adaptive high altitude variant / miscarriage')",14
"('Latvia', 'CPEO / Stroke / CM / Breast & Renal & Prostate Cancer Risk / Altered brain pH /sCJD')",14
"('Switzerland', 'CPEO / Stroke / CM / Breast & Renal & Prostate Cancer Risk / Altered brain pH /sCJD')",14
"('Serbia', 'Altered brain pH / sCJD patients')",14
"('Poland', 'LHON / Increased MS risk / higher freq in PD-ADS')",14
"('Russia', 'Longevity / Cervical Carcinoma / HPV infection risk')",14
"('Bulgaria', 'CPEO / Stroke / CM / Breast & Renal & Prostate Cancer Risk / Altered brain pH /sCJD')",14
"('Turkey', 'Possible protective factor for normal tension glaucoma')",15
"('Italy', 'LHON / Increased MS risk / higher freq in PD-ADS')",15
"('Russia', 'Low VO2max response')",15
"('Poland', 'LHON / Insulin Resistance /possible adaptive high altitude variant / miscarriage')",15
"('Switzerland', 'PD protective factor / longevity / altered cell pH / metabolic syndrome / breast cancer risk / Leigh Syndrome risk / ADHD / cognitive decline / SCA2 age of onset / Fuchs endothelial corneal dystrophy')",15
"('Germany', 'LIMM')",15
"('Turkey', 'Altered brain pH / sCJD patients')",16
"('Germany', 'Cyclic Vomiting Syndrome with Migraine')",16
"('Hungary', 'Longevity / Cervical Carcinoma / HPV infection risk')",16
"('Hungary', 'Reduced risk of PD')",16
"('Hungary', 'LHON / Insulin Resistance /possible adaptive high altitude variant / miscarriage')",16
"('Germany', 'Possible LHON factor')",16
"('Croatia', 'Possible protective factor for normal tension glaucoma')",16
"('Spain', 'Reduced risk of PD')",16
"('Lithuania', 'Altered brain pH / sCJD patients')",16
"('Italy', 'Longevity / Cervical Carcinoma / HPV infection risk')",16
"('Poland', 'BD-associated / melanoma pts')",16
"('Great Britain', 'MDD-associated')",16
"('Spain', 'PD protective factor / longevity / altered cell pH / metabolic syndrome / breast cancer risk / Leigh Syndrome risk / ADHD / cognitive decline / SCA2 age of onset / Fuchs endothelial corneal dystrophy')",17
"('Croatia', 'Altered brain pH / sCJD patients')",17
"('Czech Republic', 'MDD-associated')",17
"('Germany', 'LHON / Increased MS risk / higher freq in PD-ADS')",17
"('Great Britain', 'Diabetes / Cardiomyopathy /cancer risk / mtDNA copy nbr / Metabolic Syndrome / Melanoma patients')",17
"('Great Britain', 'Cyclic Vomiting Syndrome')",17
"('Czech Republic', 'CPEO / Stroke / CM / Breast & Renal & Prostate Cancer Risk / Altered brain pH /sCJD')",17
"('Switzerland', 'Possible protective factor for normal tension glaucoma')",17
"('Hungary', 'BD-associated / melanoma pts')",17
"('Hungary', 'PD protective factor')",18
"('Poland', 'Reduced risk of PD')",18
"('Latvia', 'Possible protective factor for normal tension glaucoma')",18
"('Great Britain', 'Longevity / Cervical Carcinoma / HPV infection risk')",18
"('Ukraine', 'Possible protective factor for normal tension glaucoma')",19
"('Russia', 'Melanoma patients')",19
"('Great Britain', 'LHON / Increased MS risk / higher freq in PD-ADS')",19
"('Italy', 'Cyclic Vomiting Syndrome with Migraine / high altitude disease risk factor')",19
"('Italy', 'BD-associated / melanoma pts')",19
"('Hungary', 'Low VO2max response')",20
"('Great Britain', 'Cyclic Vomiting Syndrome with Migraine / high altitude disease risk factor')",20
"('Great Britain', 'PD protective factor')",20
"('Germany', 'Multiple Sclerosis / idiopathic repeat miscarriage / AD protection')",20
"('Armenia', 'Possible protective factor for normal tension glaucoma')",20
"('Great Britain', 'LHON / Insulin Resistance /possible adaptive high altitude variant / miscarriage')",20
"('Germany', 'MDD-associated')",21
"('Germany', 'Diabetes / Cardiomyopathy /cancer risk / mtDNA copy nbr / Metabolic Syndrome / Melanoma patients')",21
"('Israel', 'Altered brain pH / sCJD patients')",21
"('Ukraine', 'Longevity / Cervical Carcinoma / HPV infection risk')",21
"('Switzerland', 'Low VO2max response')",22
"('Great Britain', 'BD-associated / melanoma pts')",22
"('Kazakhstan', 'Altered brain pH / sCJD patients')",22
"('Hungary', 'Cyclic Vomiting Syndrome with Migraine / high altitude disease risk factor')",22
"('Czech Republic', 'Low VO2max response')",23
"('Poland', 'PD protective factor / longevity / altered cell pH / metabolic syndrome / breast cancer risk / Leigh Syndrome risk / ADHD / cognitive decline / SCA2 age of onset / Fuchs endothelial corneal dystrophy')",23
"('Russia', 'CPEO / Stroke / CM / Breast & Renal & Prostate Cancer Risk / Altered brain pH /sCJD')",23
"('Armenia', 'Altered brain pH / sCJD patients')",23
"('Great Britain', 'Melanoma patients')",23
"('Germany', 'LHON / Insulin Resistance / AMD / NRTI-PN')",23
"('Germany', 'PD protective factor')",24
"('Czech Republic', 'PD protective factor / longevity / altered cell pH / metabolic syndrome / breast cancer risk / Leigh Syndrome risk / ADHD / cognitive decline / SCA2 age of onset / Fuchs endothelial corneal dystrophy')",24
"('Germany', 'Cyclic Vomiting Syndrome')",25
"('Italy', 'Reduced risk of PD')",26
"('Bulgaria', 'Possible protective factor for normal tension glaucoma')",26
"('Spain', 'CPEO / Stroke / CM / Breast & Renal & Prostate Cancer Risk / Altered brain pH /sCJD')",27
"('Switzerland', 'Altered brain pH / sCJD patients')",27
"('Great Britain', 'Reduced risk of PD')",27
"('Italy', 'PD protective factor / longevity / altered cell pH / metabolic syndrome / breast cancer risk / Leigh Syndrome risk / ADHD / cognitive decline / SCA2 age of onset / Fuchs endothelial corneal dystrophy')",27
"('Serbia', 'Possible protective factor for normal tension glaucoma')",27
"('Latvia', 'Altered brain pH / sCJD patients')",28
"('Bulgaria', 'Altered brain pH / sCJD patients')",28
"('Hungary', 'PD protective factor / longevity / altered cell pH / metabolic syndrome / breast cancer risk / Leigh Syndrome risk / ADHD / cognitive decline / SCA2 age of onset / Fuchs endothelial corneal dystrophy')",28
"('Spain', 'Low VO2max response')",29
"('Spain', 'Melanoma patients')",30
"('Germany', 'Cyclic Vomiting Syndrome with Migraine / high altitude disease risk factor')",30
"('Germany', 'Longevity / Cervical Carcinoma / HPV infection risk')",30
"('Italy', 'Possible protective factor for normal tension glaucoma')",31
"('Russia', 'Possible protective factor for normal tension glaucoma')",31
"('Germany', 'LHON / Insulin Resistance /possible adaptive high altitude variant / miscarriage')",31
"('Hungary', 'Melanoma patients')",32
"('Italy', 'Melanoma patients')",32
"('Germany', 'Reduced risk of PD')",35
"('Czech Republic', 'Altered brain pH / sCJD patients')",36
"('Poland', 'Low VO2max response')",36
"('Germany', 'BD-associated / melanoma pts')",37
"('Italy', 'CPEO / Stroke / CM / Breast & Renal & Prostate Cancer Risk / Altered brain pH /sCJD')",38
"('Poland', 'Melanoma patients')",38
"('Great Britain', 'CPEO / Stroke / CM / Breast & Renal & Prostate Cancer Risk / Altered brain pH /sCJD')",39
"('Spain', 'Possible protective factor for normal tension glaucoma')",39
"('Poland', 'CPEO / Stroke / CM / Breast & Renal & Prostate Cancer Risk / Altered brain pH /sCJD')",40
"('Ukraine', 'Melanoma patients')",41
"('Ukraine', 'CPEO / Stroke / CM / Breast & Renal & Prostate Cancer Risk / Altered brain pH /sCJD')",41
"('Hungary', 'CPEO / Stroke / CM / Breast & Renal & Prostate Cancer Risk / Altered brain pH /sCJD')",45
"('Italy', 'Low VO2max response')",45
"('Russia', 'Altered brain pH / sCJD patients')",46
"('Poland', 'Possible protective factor for normal tension glaucoma')",48
"('Great Britain', 'PD protective factor / longevity / altered cell pH / metabolic syndrome / breast cancer risk / Leigh Syndrome risk / ADHD / cognitive decline / SCA2 age of onset / Fuchs endothelial corneal dystrophy')",49
"('Hungary', 'Possible protective factor for normal tension glaucoma')",50
"('Germany', 'PD protective factor / longevity / altered cell pH / metabolic syndrome / breast cancer risk / Leigh Syndrome risk / ADHD / cognitive decline / SCA2 age of onset / Fuchs endothelial corneal dystrophy')",52
"('Czech Republic', 'Possible protective factor for normal tension glaucoma')",53
"('Spain', 'Altered brain pH / sCJD patients')",54
"('Germany', 'Low VO2max response')",65
"('Great Britain', 'Low VO2max response')",65
"('Germany', 'Melanoma patients')",70
"('Great Britain', 'Altered brain pH / sCJD patients')",74
"('Italy', 'Altered brain pH / sCJD patients')",77
"('Poland', 'Altered brain pH / sCJD patients')",80
"('Ukraine', 'Altered brain pH / sCJD patients')",81
"('Germany', 'CPEO / Stroke / CM / Breast & Renal & Prostate Cancer Risk / Altered brain pH /sCJD')",82
"('Hungary', 'Altered brain pH / sCJD patients')",86
"('Great Britain', 'Possible protective factor for normal tension glaucoma')",95
"('Germany', 'Possible protective factor for normal tension glaucoma')",108
"('Germany', 'Altered brain pH / sCJD patients')",163
